[{"name":"app","description":null,"location":"index.html","searchKeys":["app"]},{"name":"com.Fili.vamz_diar","description":null,"location":"app/com.Fili.vamz_diar/index.html","searchKeys":["com.Fili.vamz_diar"]},{"name":"DatePickerFragment","description":null,"location":"app/com.Fili.vamz_diar/-date-picker-fragment/index.html","searchKeys":["DatePickerFragment"]},{"name":"LoginFragment","description":null,"location":"app/com.Fili.vamz_diar/-login-fragment/index.html","searchKeys":["LoginFragment"]},{"name":"MainActivity2","description":null,"location":"app/com.Fili.vamz_diar/-main-activity2/index.html","searchKeys":["MainActivity2"]},{"name":"NewNoteFragment","description":null,"location":"app/com.Fili.vamz_diar/-new-note-fragment/index.html","searchKeys":["NewNoteFragment"]},{"name":"NewReminderFragment","description":null,"location":"app/com.Fili.vamz_diar/-new-reminder-fragment/index.html","searchKeys":["NewReminderFragment"]},{"name":"NewTodoFragment","description":null,"location":"app/com.Fili.vamz_diar/-new-todo-fragment/index.html","searchKeys":["NewTodoFragment"]},{"name":"NoteDetailFragment","description":null,"location":"app/com.Fili.vamz_diar/-note-detail-fragment/index.html","searchKeys":["NoteDetailFragment"]},{"name":"NotesFragment","description":null,"location":"app/com.Fili.vamz_diar/-notes-fragment/index.html","searchKeys":["NotesFragment"]},{"name":"ReminderDetailFragment","description":null,"location":"app/com.Fili.vamz_diar/-reminder-detail-fragment/index.html","searchKeys":["ReminderDetailFragment"]},{"name":"RemindersFragment","description":null,"location":"app/com.Fili.vamz_diar/-reminders-fragment/index.html","searchKeys":["RemindersFragment"]},{"name":"SharedViewModel","description":null,"location":"app/com.Fili.vamz_diar/-shared-view-model/index.html","searchKeys":["SharedViewModel"]},{"name":"TimePickerFragment","description":null,"location":"app/com.Fili.vamz_diar/-time-picker-fragment/index.html","searchKeys":["TimePickerFragment"]},{"name":"TodoDetailFragment","description":null,"location":"app/com.Fili.vamz_diar/-todo-detail-fragment/index.html","searchKeys":["TodoDetailFragment"]},{"name":"TodosFragment","description":null,"location":"app/com.Fili.vamz_diar/-todos-fragment/index.html","searchKeys":["TodosFragment"]},{"name":"com.Fili.vamz_diar.classes","description":null,"location":"app/com.Fili.vamz_diar.classes/index.html","searchKeys":["com.Fili.vamz_diar.classes"]},{"name":"Note","description":null,"location":"app/com.Fili.vamz_diar.classes/-note/index.html","searchKeys":["Note"]},{"name":"reminder","description":null,"location":"app/com.Fili.vamz_diar.classes/reminder/index.html","searchKeys":["reminder"]},{"name":"TodoItem","description":null,"location":"app/com.Fili.vamz_diar.classes/-todo-item/index.html","searchKeys":["TodoItem"]},{"name":"TodoList","description":null,"location":"app/com.Fili.vamz_diar.classes/-todo-list/index.html","searchKeys":["TodoList"]},{"name":"com.Fili.vamz_diar.groupieItems","description":null,"location":"app/com.Fili.vamz_diar.groupieItems/index.html","searchKeys":["com.Fili.vamz_diar.groupieItems"]},{"name":"NoteGroupieItem","description":null,"location":"app/com.Fili.vamz_diar.groupieItems/-note-groupie-item/index.html","searchKeys":["NoteGroupieItem"]},{"name":"ReminderGroupieItem","description":null,"location":"app/com.Fili.vamz_diar.groupieItems/-reminder-groupie-item/index.html","searchKeys":["ReminderGroupieItem"]},{"name":"TodoGroupieItem","description":null,"location":"app/com.Fili.vamz_diar.groupieItems/-todo-groupie-item/index.html","searchKeys":["TodoGroupieItem"]},{"name":"TodoGroupieListItem","description":null,"location":"app/com.Fili.vamz_diar.groupieItems/-todo-groupie-list-item/index.html","searchKeys":["TodoGroupieListItem"]},{"name":"TodoGroupieNewItem","description":null,"location":"app/com.Fili.vamz_diar.groupieItems/-todo-groupie-new-item/index.html","searchKeys":["TodoGroupieNewItem"]},{"name":"com.Fili.vamz_diar.ui.main","description":null,"location":"app/com.Fili.vamz_diar.ui.main/index.html","searchKeys":["com.Fili.vamz_diar.ui.main"]},{"name":"PageViewModel","description":null,"location":"app/com.Fili.vamz_diar.ui.main/-page-view-model/index.html","searchKeys":["PageViewModel"]},{"name":"PlaceholderFragment","description":null,"location":"app/com.Fili.vamz_diar.ui.main/-placeholder-fragment/index.html","searchKeys":["PlaceholderFragment"]},{"name":"SectionsPagerAdapter","description":null,"location":"app/com.Fili.vamz_diar.ui.main/-sections-pager-adapter/index.html","searchKeys":["SectionsPagerAdapter"]}]
