[{"name":"class DatePickerFragment(binding: TextView) : DialogFragment, DatePickerDialog.OnDateSetListener","description":"com.Fili.vamz_diar.DatePickerFragment","location":"app/com.Fili.vamz_diar/-date-picker-fragment/index.html","searchKeys":["DatePickerFragment","class DatePickerFragment(binding: TextView) : DialogFragment, DatePickerDialog.OnDateSetListener","com.Fili.vamz_diar.DatePickerFragment"]},{"name":"class LoginFragment : Fragment","description":"com.Fili.vamz_diar.LoginFragment","location":"app/com.Fili.vamz_diar/-login-fragment/index.html","searchKeys":["LoginFragment","class LoginFragment : Fragment","com.Fili.vamz_diar.LoginFragment"]},{"name":"class MainActivity2 : AppCompatActivity","description":"com.Fili.vamz_diar.MainActivity2","location":"app/com.Fili.vamz_diar/-main-activity2/index.html","searchKeys":["MainActivity2","class MainActivity2 : AppCompatActivity","com.Fili.vamz_diar.MainActivity2"]},{"name":"class NewNoteFragment : Fragment","description":"com.Fili.vamz_diar.NewNoteFragment","location":"app/com.Fili.vamz_diar/-new-note-fragment/index.html","searchKeys":["NewNoteFragment","class NewNoteFragment : Fragment","com.Fili.vamz_diar.NewNoteFragment"]},{"name":"class NewReminderFragment : Fragment","description":"com.Fili.vamz_diar.NewReminderFragment","location":"app/com.Fili.vamz_diar/-new-reminder-fragment/index.html","searchKeys":["NewReminderFragment","class NewReminderFragment : Fragment","com.Fili.vamz_diar.NewReminderFragment"]},{"name":"class NewTodoFragment : Fragment","description":"com.Fili.vamz_diar.NewTodoFragment","location":"app/com.Fili.vamz_diar/-new-todo-fragment/index.html","searchKeys":["NewTodoFragment","class NewTodoFragment : Fragment","com.Fili.vamz_diar.NewTodoFragment"]},{"name":"class Note(noteID: String?, noteName: String?, noteText: String?) : Parcelable","description":"com.Fili.vamz_diar.classes.Note","location":"app/com.Fili.vamz_diar.classes/-note/index.html","searchKeys":["Note","class Note(noteID: String?, noteName: String?, noteText: String?) : Parcelable","com.Fili.vamz_diar.classes.Note"]},{"name":"class NoteDetailFragment : Fragment","description":"com.Fili.vamz_diar.NoteDetailFragment","location":"app/com.Fili.vamz_diar/-note-detail-fragment/index.html","searchKeys":["NoteDetailFragment","class NoteDetailFragment : Fragment","com.Fili.vamz_diar.NoteDetailFragment"]},{"name":"class NoteGroupieItem(pnote: Note) : BindableItem<<ERROR CLASS>> ","description":"com.Fili.vamz_diar.groupieItems.NoteGroupieItem","location":"app/com.Fili.vamz_diar.groupieItems/-note-groupie-item/index.html","searchKeys":["NoteGroupieItem","class NoteGroupieItem(pnote: Note) : BindableItem<<ERROR CLASS>> ","com.Fili.vamz_diar.groupieItems.NoteGroupieItem"]},{"name":"class NotesFragment : Fragment","description":"com.Fili.vamz_diar.NotesFragment","location":"app/com.Fili.vamz_diar/-notes-fragment/index.html","searchKeys":["NotesFragment","class NotesFragment : Fragment","com.Fili.vamz_diar.NotesFragment"]},{"name":"class PageViewModel : ViewModel","description":"com.Fili.vamz_diar.ui.main.PageViewModel","location":"app/com.Fili.vamz_diar.ui.main/-page-view-model/index.html","searchKeys":["PageViewModel","class PageViewModel : ViewModel","com.Fili.vamz_diar.ui.main.PageViewModel"]},{"name":"class PlaceholderFragment : Fragment","description":"com.Fili.vamz_diar.ui.main.PlaceholderFragment","location":"app/com.Fili.vamz_diar.ui.main/-placeholder-fragment/index.html","searchKeys":["PlaceholderFragment","class PlaceholderFragment : Fragment","com.Fili.vamz_diar.ui.main.PlaceholderFragment"]},{"name":"class ReminderDetailFragment : Fragment","description":"com.Fili.vamz_diar.ReminderDetailFragment","location":"app/com.Fili.vamz_diar/-reminder-detail-fragment/index.html","searchKeys":["ReminderDetailFragment","class ReminderDetailFragment : Fragment","com.Fili.vamz_diar.ReminderDetailFragment"]},{"name":"class ReminderGroupieItem(preminder: reminder) : BindableItem<<ERROR CLASS>> ","description":"com.Fili.vamz_diar.groupieItems.ReminderGroupieItem","location":"app/com.Fili.vamz_diar.groupieItems/-reminder-groupie-item/index.html","searchKeys":["ReminderGroupieItem","class ReminderGroupieItem(preminder: reminder) : BindableItem<<ERROR CLASS>> ","com.Fili.vamz_diar.groupieItems.ReminderGroupieItem"]},{"name":"class RemindersFragment : Fragment","description":"com.Fili.vamz_diar.RemindersFragment","location":"app/com.Fili.vamz_diar/-reminders-fragment/index.html","searchKeys":["RemindersFragment","class RemindersFragment : Fragment","com.Fili.vamz_diar.RemindersFragment"]},{"name":"class SectionsPagerAdapter(context: Context, fm: FragmentManager) : FragmentPagerAdapter","description":"com.Fili.vamz_diar.ui.main.SectionsPagerAdapter","location":"app/com.Fili.vamz_diar.ui.main/-sections-pager-adapter/index.html","searchKeys":["SectionsPagerAdapter","class SectionsPagerAdapter(context: Context, fm: FragmentManager) : FragmentPagerAdapter","com.Fili.vamz_diar.ui.main.SectionsPagerAdapter"]},{"name":"class SharedViewModel : ViewModel","description":"com.Fili.vamz_diar.SharedViewModel","location":"app/com.Fili.vamz_diar/-shared-view-model/index.html","searchKeys":["SharedViewModel","class SharedViewModel : ViewModel","com.Fili.vamz_diar.SharedViewModel"]},{"name":"class TimePickerFragment(binding: TextView) : DialogFragment, TimePickerDialog.OnTimeSetListener","description":"com.Fili.vamz_diar.TimePickerFragment","location":"app/com.Fili.vamz_diar/-time-picker-fragment/index.html","searchKeys":["TimePickerFragment","class TimePickerFragment(binding: TextView) : DialogFragment, TimePickerDialog.OnTimeSetListener","com.Fili.vamz_diar.TimePickerFragment"]},{"name":"class TodoDetailFragment : Fragment","description":"com.Fili.vamz_diar.TodoDetailFragment","location":"app/com.Fili.vamz_diar/-todo-detail-fragment/index.html","searchKeys":["TodoDetailFragment","class TodoDetailFragment : Fragment","com.Fili.vamz_diar.TodoDetailFragment"]},{"name":"class TodoGroupieItem(todoItem: TodoItem, todoListID: String) : BindableItem<<ERROR CLASS>> ","description":"com.Fili.vamz_diar.groupieItems.TodoGroupieItem","location":"app/com.Fili.vamz_diar.groupieItems/-todo-groupie-item/index.html","searchKeys":["TodoGroupieItem","class TodoGroupieItem(todoItem: TodoItem, todoListID: String) : BindableItem<<ERROR CLASS>> ","com.Fili.vamz_diar.groupieItems.TodoGroupieItem"]},{"name":"class TodoGroupieListItem(todoList: TodoList) : BindableItem<<ERROR CLASS>> ","description":"com.Fili.vamz_diar.groupieItems.TodoGroupieListItem","location":"app/com.Fili.vamz_diar.groupieItems/-todo-groupie-list-item/index.html","searchKeys":["TodoGroupieListItem","class TodoGroupieListItem(todoList: TodoList) : BindableItem<<ERROR CLASS>> ","com.Fili.vamz_diar.groupieItems.TodoGroupieListItem"]},{"name":"class TodoGroupieNewItem(todoItemName: String) : BindableItem<<ERROR CLASS>> ","description":"com.Fili.vamz_diar.groupieItems.TodoGroupieNewItem","location":"app/com.Fili.vamz_diar.groupieItems/-todo-groupie-new-item/index.html","searchKeys":["TodoGroupieNewItem","class TodoGroupieNewItem(todoItemName: String) : BindableItem<<ERROR CLASS>> ","com.Fili.vamz_diar.groupieItems.TodoGroupieNewItem"]},{"name":"class TodoItem(itemName: String?, _itemState: Boolean?) : Parcelable","description":"com.Fili.vamz_diar.classes.TodoItem","location":"app/com.Fili.vamz_diar.classes/-todo-item/index.html","searchKeys":["TodoItem","class TodoItem(itemName: String?, _itemState: Boolean?) : Parcelable","com.Fili.vamz_diar.classes.TodoItem"]},{"name":"class TodoList(todoListID: String?, todoListName: String?, todos: MutableMap<String, TodoItem>?) : Parcelable","description":"com.Fili.vamz_diar.classes.TodoList","location":"app/com.Fili.vamz_diar.classes/-todo-list/index.html","searchKeys":["TodoList","class TodoList(todoListID: String?, todoListName: String?, todos: MutableMap<String, TodoItem>?) : Parcelable","com.Fili.vamz_diar.classes.TodoList"]},{"name":"class TodosFragment : Fragment","description":"com.Fili.vamz_diar.TodosFragment","location":"app/com.Fili.vamz_diar/-todos-fragment/index.html","searchKeys":["TodosFragment","class TodosFragment : Fragment","com.Fili.vamz_diar.TodosFragment"]},{"name":"class reminder(reminderID: String?, reminderName: String?, reminderDesc: String?, reminderDate: String?, reminderTime: String?) : Parcelable","description":"com.Fili.vamz_diar.classes.reminder","location":"app/com.Fili.vamz_diar.classes/reminder/index.html","searchKeys":["reminder","class reminder(reminderID: String?, reminderName: String?, reminderDesc: String?, reminderDate: String?, reminderTime: String?) : Parcelable","com.Fili.vamz_diar.classes.reminder"]},{"name":"fun DatePickerFragment(binding: TextView)","description":"com.Fili.vamz_diar.DatePickerFragment.DatePickerFragment","location":"app/com.Fili.vamz_diar/-date-picker-fragment/-date-picker-fragment.html","searchKeys":["DatePickerFragment","fun DatePickerFragment(binding: TextView)","com.Fili.vamz_diar.DatePickerFragment.DatePickerFragment"]},{"name":"fun LogInUser(userEmail: String, userPassword: String)","description":"com.Fili.vamz_diar.SharedViewModel.LogInUser","location":"app/com.Fili.vamz_diar/-shared-view-model/-log-in-user.html","searchKeys":["LogInUser","fun LogInUser(userEmail: String, userPassword: String)","com.Fili.vamz_diar.SharedViewModel.LogInUser"]},{"name":"fun LoginFragment()","description":"com.Fili.vamz_diar.LoginFragment.LoginFragment","location":"app/com.Fili.vamz_diar/-login-fragment/-login-fragment.html","searchKeys":["LoginFragment","fun LoginFragment()","com.Fili.vamz_diar.LoginFragment.LoginFragment"]},{"name":"fun MainActivity2()","description":"com.Fili.vamz_diar.MainActivity2.MainActivity2","location":"app/com.Fili.vamz_diar/-main-activity2/-main-activity2.html","searchKeys":["MainActivity2","fun MainActivity2()","com.Fili.vamz_diar.MainActivity2.MainActivity2"]},{"name":"fun NewNoteFragment()","description":"com.Fili.vamz_diar.NewNoteFragment.NewNoteFragment","location":"app/com.Fili.vamz_diar/-new-note-fragment/-new-note-fragment.html","searchKeys":["NewNoteFragment","fun NewNoteFragment()","com.Fili.vamz_diar.NewNoteFragment.NewNoteFragment"]},{"name":"fun NewReminderFragment()","description":"com.Fili.vamz_diar.NewReminderFragment.NewReminderFragment","location":"app/com.Fili.vamz_diar/-new-reminder-fragment/-new-reminder-fragment.html","searchKeys":["NewReminderFragment","fun NewReminderFragment()","com.Fili.vamz_diar.NewReminderFragment.NewReminderFragment"]},{"name":"fun NewTodoFragment()","description":"com.Fili.vamz_diar.NewTodoFragment.NewTodoFragment","location":"app/com.Fili.vamz_diar/-new-todo-fragment/-new-todo-fragment.html","searchKeys":["NewTodoFragment","fun NewTodoFragment()","com.Fili.vamz_diar.NewTodoFragment.NewTodoFragment"]},{"name":"fun Note(noteID: String? = null, noteName: String? = null, noteText: String? = null)","description":"com.Fili.vamz_diar.classes.Note.Note","location":"app/com.Fili.vamz_diar.classes/-note/-note.html","searchKeys":["Note","fun Note(noteID: String? = null, noteName: String? = null, noteText: String? = null)","com.Fili.vamz_diar.classes.Note.Note"]},{"name":"fun Note(parcel: Parcel)","description":"com.Fili.vamz_diar.classes.Note.Note","location":"app/com.Fili.vamz_diar.classes/-note/-note.html","searchKeys":["Note","fun Note(parcel: Parcel)","com.Fili.vamz_diar.classes.Note.Note"]},{"name":"fun NoteDetailFragment()","description":"com.Fili.vamz_diar.NoteDetailFragment.NoteDetailFragment","location":"app/com.Fili.vamz_diar/-note-detail-fragment/-note-detail-fragment.html","searchKeys":["NoteDetailFragment","fun NoteDetailFragment()","com.Fili.vamz_diar.NoteDetailFragment.NoteDetailFragment"]},{"name":"fun NoteGroupieItem(pnote: Note)","description":"com.Fili.vamz_diar.groupieItems.NoteGroupieItem.NoteGroupieItem","location":"app/com.Fili.vamz_diar.groupieItems/-note-groupie-item/-note-groupie-item.html","searchKeys":["NoteGroupieItem","fun NoteGroupieItem(pnote: Note)","com.Fili.vamz_diar.groupieItems.NoteGroupieItem.NoteGroupieItem"]},{"name":"fun NotesFragment()","description":"com.Fili.vamz_diar.NotesFragment.NotesFragment","location":"app/com.Fili.vamz_diar/-notes-fragment/-notes-fragment.html","searchKeys":["NotesFragment","fun NotesFragment()","com.Fili.vamz_diar.NotesFragment.NotesFragment"]},{"name":"fun PageViewModel()","description":"com.Fili.vamz_diar.ui.main.PageViewModel.PageViewModel","location":"app/com.Fili.vamz_diar.ui.main/-page-view-model/-page-view-model.html","searchKeys":["PageViewModel","fun PageViewModel()","com.Fili.vamz_diar.ui.main.PageViewModel.PageViewModel"]},{"name":"fun PlaceholderFragment()","description":"com.Fili.vamz_diar.ui.main.PlaceholderFragment.PlaceholderFragment","location":"app/com.Fili.vamz_diar.ui.main/-placeholder-fragment/-placeholder-fragment.html","searchKeys":["PlaceholderFragment","fun PlaceholderFragment()","com.Fili.vamz_diar.ui.main.PlaceholderFragment.PlaceholderFragment"]},{"name":"fun ReminderDetailFragment()","description":"com.Fili.vamz_diar.ReminderDetailFragment.ReminderDetailFragment","location":"app/com.Fili.vamz_diar/-reminder-detail-fragment/-reminder-detail-fragment.html","searchKeys":["ReminderDetailFragment","fun ReminderDetailFragment()","com.Fili.vamz_diar.ReminderDetailFragment.ReminderDetailFragment"]},{"name":"fun ReminderGroupieItem(preminder: reminder)","description":"com.Fili.vamz_diar.groupieItems.ReminderGroupieItem.ReminderGroupieItem","location":"app/com.Fili.vamz_diar.groupieItems/-reminder-groupie-item/-reminder-groupie-item.html","searchKeys":["ReminderGroupieItem","fun ReminderGroupieItem(preminder: reminder)","com.Fili.vamz_diar.groupieItems.ReminderGroupieItem.ReminderGroupieItem"]},{"name":"fun RemindersFragment()","description":"com.Fili.vamz_diar.RemindersFragment.RemindersFragment","location":"app/com.Fili.vamz_diar/-reminders-fragment/-reminders-fragment.html","searchKeys":["RemindersFragment","fun RemindersFragment()","com.Fili.vamz_diar.RemindersFragment.RemindersFragment"]},{"name":"fun SectionsPagerAdapter(context: Context, fm: FragmentManager)","description":"com.Fili.vamz_diar.ui.main.SectionsPagerAdapter.SectionsPagerAdapter","location":"app/com.Fili.vamz_diar.ui.main/-sections-pager-adapter/-sections-pager-adapter.html","searchKeys":["SectionsPagerAdapter","fun SectionsPagerAdapter(context: Context, fm: FragmentManager)","com.Fili.vamz_diar.ui.main.SectionsPagerAdapter.SectionsPagerAdapter"]},{"name":"fun SharedViewModel()","description":"com.Fili.vamz_diar.SharedViewModel.SharedViewModel","location":"app/com.Fili.vamz_diar/-shared-view-model/-shared-view-model.html","searchKeys":["SharedViewModel","fun SharedViewModel()","com.Fili.vamz_diar.SharedViewModel.SharedViewModel"]},{"name":"fun TimePickerFragment(binding: TextView)","description":"com.Fili.vamz_diar.TimePickerFragment.TimePickerFragment","location":"app/com.Fili.vamz_diar/-time-picker-fragment/-time-picker-fragment.html","searchKeys":["TimePickerFragment","fun TimePickerFragment(binding: TextView)","com.Fili.vamz_diar.TimePickerFragment.TimePickerFragment"]},{"name":"fun TodoDetailFragment()","description":"com.Fili.vamz_diar.TodoDetailFragment.TodoDetailFragment","location":"app/com.Fili.vamz_diar/-todo-detail-fragment/-todo-detail-fragment.html","searchKeys":["TodoDetailFragment","fun TodoDetailFragment()","com.Fili.vamz_diar.TodoDetailFragment.TodoDetailFragment"]},{"name":"fun TodoGroupieItem(todoItem: TodoItem, todoListID: String)","description":"com.Fili.vamz_diar.groupieItems.TodoGroupieItem.TodoGroupieItem","location":"app/com.Fili.vamz_diar.groupieItems/-todo-groupie-item/-todo-groupie-item.html","searchKeys":["TodoGroupieItem","fun TodoGroupieItem(todoItem: TodoItem, todoListID: String)","com.Fili.vamz_diar.groupieItems.TodoGroupieItem.TodoGroupieItem"]},{"name":"fun TodoGroupieListItem(todoList: TodoList)","description":"com.Fili.vamz_diar.groupieItems.TodoGroupieListItem.TodoGroupieListItem","location":"app/com.Fili.vamz_diar.groupieItems/-todo-groupie-list-item/-todo-groupie-list-item.html","searchKeys":["TodoGroupieListItem","fun TodoGroupieListItem(todoList: TodoList)","com.Fili.vamz_diar.groupieItems.TodoGroupieListItem.TodoGroupieListItem"]},{"name":"fun TodoGroupieNewItem(todoItemName: String)","description":"com.Fili.vamz_diar.groupieItems.TodoGroupieNewItem.TodoGroupieNewItem","location":"app/com.Fili.vamz_diar.groupieItems/-todo-groupie-new-item/-todo-groupie-new-item.html","searchKeys":["TodoGroupieNewItem","fun TodoGroupieNewItem(todoItemName: String)","com.Fili.vamz_diar.groupieItems.TodoGroupieNewItem.TodoGroupieNewItem"]},{"name":"fun TodoItem(itemName: String? = null, _itemState: Boolean? = null)","description":"com.Fili.vamz_diar.classes.TodoItem.TodoItem","location":"app/com.Fili.vamz_diar.classes/-todo-item/-todo-item.html","searchKeys":["TodoItem","fun TodoItem(itemName: String? = null, _itemState: Boolean? = null)","com.Fili.vamz_diar.classes.TodoItem.TodoItem"]},{"name":"fun TodoItem(parcel: Parcel)","description":"com.Fili.vamz_diar.classes.TodoItem.TodoItem","location":"app/com.Fili.vamz_diar.classes/-todo-item/-todo-item.html","searchKeys":["TodoItem","fun TodoItem(parcel: Parcel)","com.Fili.vamz_diar.classes.TodoItem.TodoItem"]},{"name":"fun TodoList(parcel: Parcel)","description":"com.Fili.vamz_diar.classes.TodoList.TodoList","location":"app/com.Fili.vamz_diar.classes/-todo-list/-todo-list.html","searchKeys":["TodoList","fun TodoList(parcel: Parcel)","com.Fili.vamz_diar.classes.TodoList.TodoList"]},{"name":"fun TodoList(todoListID: String? = null, todoListName: String? = null, todos: MutableMap<String, TodoItem>? = null)","description":"com.Fili.vamz_diar.classes.TodoList.TodoList","location":"app/com.Fili.vamz_diar.classes/-todo-list/-todo-list.html","searchKeys":["TodoList","fun TodoList(todoListID: String? = null, todoListName: String? = null, todos: MutableMap<String, TodoItem>? = null)","com.Fili.vamz_diar.classes.TodoList.TodoList"]},{"name":"fun TodosFragment()","description":"com.Fili.vamz_diar.TodosFragment.TodosFragment","location":"app/com.Fili.vamz_diar/-todos-fragment/-todos-fragment.html","searchKeys":["TodosFragment","fun TodosFragment()","com.Fili.vamz_diar.TodosFragment.TodosFragment"]},{"name":"fun addNewTodoItem(todoItem: String): Boolean","description":"com.Fili.vamz_diar.SharedViewModel.addNewTodoItem","location":"app/com.Fili.vamz_diar/-shared-view-model/add-new-todo-item.html","searchKeys":["addNewTodoItem","fun addNewTodoItem(todoItem: String): Boolean","com.Fili.vamz_diar.SharedViewModel.addNewTodoItem"]},{"name":"fun loadNotes()","description":"com.Fili.vamz_diar.SharedViewModel.loadNotes","location":"app/com.Fili.vamz_diar/-shared-view-model/load-notes.html","searchKeys":["loadNotes","fun loadNotes()","com.Fili.vamz_diar.SharedViewModel.loadNotes"]},{"name":"fun loadReminders()","description":"com.Fili.vamz_diar.SharedViewModel.loadReminders","location":"app/com.Fili.vamz_diar/-shared-view-model/load-reminders.html","searchKeys":["loadReminders","fun loadReminders()","com.Fili.vamz_diar.SharedViewModel.loadReminders"]},{"name":"fun newInstance(): RemindersFragment","description":"com.Fili.vamz_diar.RemindersFragment.Companion.newInstance","location":"app/com.Fili.vamz_diar/-reminders-fragment/-companion/new-instance.html","searchKeys":["newInstance","fun newInstance(): RemindersFragment","com.Fili.vamz_diar.RemindersFragment.Companion.newInstance"]},{"name":"fun newInstance(Todo: TodoList): TodoDetailFragment","description":"com.Fili.vamz_diar.TodoDetailFragment.Companion.newInstance","location":"app/com.Fili.vamz_diar/-todo-detail-fragment/-companion/new-instance.html","searchKeys":["newInstance","fun newInstance(Todo: TodoList): TodoDetailFragment","com.Fili.vamz_diar.TodoDetailFragment.Companion.newInstance"]},{"name":"fun newInstance(note: Note): NewNoteFragment","description":"com.Fili.vamz_diar.NewNoteFragment.Companion.newInstance","location":"app/com.Fili.vamz_diar/-new-note-fragment/-companion/new-instance.html","searchKeys":["newInstance","fun newInstance(note: Note): NewNoteFragment","com.Fili.vamz_diar.NewNoteFragment.Companion.newInstance"]},{"name":"fun newInstance(note: Note): NoteDetailFragment","description":"com.Fili.vamz_diar.NoteDetailFragment.Companion.newInstance","location":"app/com.Fili.vamz_diar/-note-detail-fragment/-companion/new-instance.html","searchKeys":["newInstance","fun newInstance(note: Note): NoteDetailFragment","com.Fili.vamz_diar.NoteDetailFragment.Companion.newInstance"]},{"name":"fun newInstance(param1: TodoList): NewTodoFragment","description":"com.Fili.vamz_diar.NewTodoFragment.Companion.newInstance","location":"app/com.Fili.vamz_diar/-new-todo-fragment/-companion/new-instance.html","searchKeys":["newInstance","fun newInstance(param1: TodoList): NewTodoFragment","com.Fili.vamz_diar.NewTodoFragment.Companion.newInstance"]},{"name":"fun newInstance(param1: reminder): NewReminderFragment","description":"com.Fili.vamz_diar.NewReminderFragment.Companion.newInstance","location":"app/com.Fili.vamz_diar/-new-reminder-fragment/-companion/new-instance.html","searchKeys":["newInstance","fun newInstance(param1: reminder): NewReminderFragment","com.Fili.vamz_diar.NewReminderFragment.Companion.newInstance"]},{"name":"fun newInstance(param1: reminder): ReminderDetailFragment","description":"com.Fili.vamz_diar.ReminderDetailFragment.Companion.newInstance","location":"app/com.Fili.vamz_diar/-reminder-detail-fragment/-companion/new-instance.html","searchKeys":["newInstance","fun newInstance(param1: reminder): ReminderDetailFragment","com.Fili.vamz_diar.ReminderDetailFragment.Companion.newInstance"]},{"name":"fun newInstance(sectionNumber: Int): PlaceholderFragment","description":"com.Fili.vamz_diar.ui.main.PlaceholderFragment.Companion.newInstance","location":"app/com.Fili.vamz_diar.ui.main/-placeholder-fragment/-companion/new-instance.html","searchKeys":["newInstance","fun newInstance(sectionNumber: Int): PlaceholderFragment","com.Fili.vamz_diar.ui.main.PlaceholderFragment.Companion.newInstance"]},{"name":"fun registerNewUser(userEmail: String, userPassword: String)","description":"com.Fili.vamz_diar.SharedViewModel.registerNewUser","location":"app/com.Fili.vamz_diar/-shared-view-model/register-new-user.html","searchKeys":["registerNewUser","fun registerNewUser(userEmail: String, userPassword: String)","com.Fili.vamz_diar.SharedViewModel.registerNewUser"]},{"name":"fun reminder(parcel: Parcel)","description":"com.Fili.vamz_diar.classes.reminder.reminder","location":"app/com.Fili.vamz_diar.classes/reminder/reminder.html","searchKeys":["reminder","fun reminder(parcel: Parcel)","com.Fili.vamz_diar.classes.reminder.reminder"]},{"name":"fun reminder(reminderID: String? = null, reminderName: String? = null, reminderDesc: String? = null, reminderDate: String? = null, reminderTime: String? = null)","description":"com.Fili.vamz_diar.classes.reminder.reminder","location":"app/com.Fili.vamz_diar.classes/reminder/reminder.html","searchKeys":["reminder","fun reminder(reminderID: String? = null, reminderName: String? = null, reminderDesc: String? = null, reminderDate: String? = null, reminderTime: String? = null)","com.Fili.vamz_diar.classes.reminder.reminder"]},{"name":"fun saveNewNote(noteName: String, noteText: String)","description":"com.Fili.vamz_diar.SharedViewModel.saveNewNote","location":"app/com.Fili.vamz_diar/-shared-view-model/save-new-note.html","searchKeys":["saveNewNote","fun saveNewNote(noteName: String, noteText: String)","com.Fili.vamz_diar.SharedViewModel.saveNewNote"]},{"name":"fun saveNewReminder(view: View?, Name: String, Desc: String, Date: String, Time: String)","description":"com.Fili.vamz_diar.SharedViewModel.saveNewReminder","location":"app/com.Fili.vamz_diar/-shared-view-model/save-new-reminder.html","searchKeys":["saveNewReminder","fun saveNewReminder(view: View?, Name: String, Desc: String, Date: String, Time: String)","com.Fili.vamz_diar.SharedViewModel.saveNewReminder"]},{"name":"fun saveNewTodoList(view: View?, todoListName: String)","description":"com.Fili.vamz_diar.SharedViewModel.saveNewTodoList","location":"app/com.Fili.vamz_diar/-shared-view-model/save-new-todo-list.html","searchKeys":["saveNewTodoList","fun saveNewTodoList(view: View?, todoListName: String)","com.Fili.vamz_diar.SharedViewModel.saveNewTodoList"]},{"name":"fun setIndex(index: Int)","description":"com.Fili.vamz_diar.ui.main.PageViewModel.setIndex","location":"app/com.Fili.vamz_diar.ui.main/-page-view-model/set-index.html","searchKeys":["setIndex","fun setIndex(index: Int)","com.Fili.vamz_diar.ui.main.PageViewModel.setIndex"]},{"name":"lateinit var c: Calendar","description":"com.Fili.vamz_diar.DatePickerFragment.c","location":"app/com.Fili.vamz_diar/-date-picker-fragment/c.html","searchKeys":["c","lateinit var c: Calendar","com.Fili.vamz_diar.DatePickerFragment.c"]},{"name":"object CREATOR : Parcelable.Creator<Note> ","description":"com.Fili.vamz_diar.classes.Note.CREATOR","location":"app/com.Fili.vamz_diar.classes/-note/-c-r-e-a-t-o-r/index.html","searchKeys":["CREATOR","object CREATOR : Parcelable.Creator<Note> ","com.Fili.vamz_diar.classes.Note.CREATOR"]},{"name":"object CREATOR : Parcelable.Creator<TodoItem> ","description":"com.Fili.vamz_diar.classes.TodoItem.CREATOR","location":"app/com.Fili.vamz_diar.classes/-todo-item/-c-r-e-a-t-o-r/index.html","searchKeys":["CREATOR","object CREATOR : Parcelable.Creator<TodoItem> ","com.Fili.vamz_diar.classes.TodoItem.CREATOR"]},{"name":"object CREATOR : Parcelable.Creator<TodoList> ","description":"com.Fili.vamz_diar.classes.TodoList.CREATOR","location":"app/com.Fili.vamz_diar.classes/-todo-list/-c-r-e-a-t-o-r/index.html","searchKeys":["CREATOR","object CREATOR : Parcelable.Creator<TodoList> ","com.Fili.vamz_diar.classes.TodoList.CREATOR"]},{"name":"object CREATOR : Parcelable.Creator<reminder> ","description":"com.Fili.vamz_diar.classes.reminder.CREATOR","location":"app/com.Fili.vamz_diar.classes/reminder/-c-r-e-a-t-o-r/index.html","searchKeys":["CREATOR","object CREATOR : Parcelable.Creator<reminder> ","com.Fili.vamz_diar.classes.reminder.CREATOR"]},{"name":"object Companion","description":"com.Fili.vamz_diar.NewNoteFragment.Companion","location":"app/com.Fili.vamz_diar/-new-note-fragment/-companion/index.html","searchKeys":["Companion","object Companion","com.Fili.vamz_diar.NewNoteFragment.Companion"]},{"name":"object Companion","description":"com.Fili.vamz_diar.NewReminderFragment.Companion","location":"app/com.Fili.vamz_diar/-new-reminder-fragment/-companion/index.html","searchKeys":["Companion","object Companion","com.Fili.vamz_diar.NewReminderFragment.Companion"]},{"name":"object Companion","description":"com.Fili.vamz_diar.NewTodoFragment.Companion","location":"app/com.Fili.vamz_diar/-new-todo-fragment/-companion/index.html","searchKeys":["Companion","object Companion","com.Fili.vamz_diar.NewTodoFragment.Companion"]},{"name":"object Companion","description":"com.Fili.vamz_diar.NoteDetailFragment.Companion","location":"app/com.Fili.vamz_diar/-note-detail-fragment/-companion/index.html","searchKeys":["Companion","object Companion","com.Fili.vamz_diar.NoteDetailFragment.Companion"]},{"name":"object Companion","description":"com.Fili.vamz_diar.ReminderDetailFragment.Companion","location":"app/com.Fili.vamz_diar/-reminder-detail-fragment/-companion/index.html","searchKeys":["Companion","object Companion","com.Fili.vamz_diar.ReminderDetailFragment.Companion"]},{"name":"object Companion","description":"com.Fili.vamz_diar.RemindersFragment.Companion","location":"app/com.Fili.vamz_diar/-reminders-fragment/-companion/index.html","searchKeys":["Companion","object Companion","com.Fili.vamz_diar.RemindersFragment.Companion"]},{"name":"object Companion","description":"com.Fili.vamz_diar.TodoDetailFragment.Companion","location":"app/com.Fili.vamz_diar/-todo-detail-fragment/-companion/index.html","searchKeys":["Companion","object Companion","com.Fili.vamz_diar.TodoDetailFragment.Companion"]},{"name":"object Companion","description":"com.Fili.vamz_diar.ui.main.PlaceholderFragment.Companion","location":"app/com.Fili.vamz_diar.ui.main/-placeholder-fragment/-companion/index.html","searchKeys":["Companion","object Companion","com.Fili.vamz_diar.ui.main.PlaceholderFragment.Companion"]},{"name":"open override fun bind(viewBinding: <ERROR CLASS>, position: Int)","description":"com.Fili.vamz_diar.groupieItems.NoteGroupieItem.bind","location":"app/com.Fili.vamz_diar.groupieItems/-note-groupie-item/bind.html","searchKeys":["bind","open override fun bind(viewBinding: <ERROR CLASS>, position: Int)","com.Fili.vamz_diar.groupieItems.NoteGroupieItem.bind"]},{"name":"open override fun bind(viewBinding: <ERROR CLASS>, position: Int)","description":"com.Fili.vamz_diar.groupieItems.ReminderGroupieItem.bind","location":"app/com.Fili.vamz_diar.groupieItems/-reminder-groupie-item/bind.html","searchKeys":["bind","open override fun bind(viewBinding: <ERROR CLASS>, position: Int)","com.Fili.vamz_diar.groupieItems.ReminderGroupieItem.bind"]},{"name":"open override fun bind(viewBinding: <ERROR CLASS>, position: Int)","description":"com.Fili.vamz_diar.groupieItems.TodoGroupieItem.bind","location":"app/com.Fili.vamz_diar.groupieItems/-todo-groupie-item/bind.html","searchKeys":["bind","open override fun bind(viewBinding: <ERROR CLASS>, position: Int)","com.Fili.vamz_diar.groupieItems.TodoGroupieItem.bind"]},{"name":"open override fun bind(viewBinding: <ERROR CLASS>, position: Int)","description":"com.Fili.vamz_diar.groupieItems.TodoGroupieListItem.bind","location":"app/com.Fili.vamz_diar.groupieItems/-todo-groupie-list-item/bind.html","searchKeys":["bind","open override fun bind(viewBinding: <ERROR CLASS>, position: Int)","com.Fili.vamz_diar.groupieItems.TodoGroupieListItem.bind"]},{"name":"open override fun bind(viewBinding: <ERROR CLASS>, position: Int)","description":"com.Fili.vamz_diar.groupieItems.TodoGroupieNewItem.bind","location":"app/com.Fili.vamz_diar.groupieItems/-todo-groupie-new-item/bind.html","searchKeys":["bind","open override fun bind(viewBinding: <ERROR CLASS>, position: Int)","com.Fili.vamz_diar.groupieItems.TodoGroupieNewItem.bind"]},{"name":"open override fun createFromParcel(parcel: Parcel): Note","description":"com.Fili.vamz_diar.classes.Note.CREATOR.createFromParcel","location":"app/com.Fili.vamz_diar.classes/-note/-c-r-e-a-t-o-r/create-from-parcel.html","searchKeys":["createFromParcel","open override fun createFromParcel(parcel: Parcel): Note","com.Fili.vamz_diar.classes.Note.CREATOR.createFromParcel"]},{"name":"open override fun createFromParcel(parcel: Parcel): TodoItem","description":"com.Fili.vamz_diar.classes.TodoItem.CREATOR.createFromParcel","location":"app/com.Fili.vamz_diar.classes/-todo-item/-c-r-e-a-t-o-r/create-from-parcel.html","searchKeys":["createFromParcel","open override fun createFromParcel(parcel: Parcel): TodoItem","com.Fili.vamz_diar.classes.TodoItem.CREATOR.createFromParcel"]},{"name":"open override fun createFromParcel(parcel: Parcel): TodoList","description":"com.Fili.vamz_diar.classes.TodoList.CREATOR.createFromParcel","location":"app/com.Fili.vamz_diar.classes/-todo-list/-c-r-e-a-t-o-r/create-from-parcel.html","searchKeys":["createFromParcel","open override fun createFromParcel(parcel: Parcel): TodoList","com.Fili.vamz_diar.classes.TodoList.CREATOR.createFromParcel"]},{"name":"open override fun createFromParcel(parcel: Parcel): reminder","description":"com.Fili.vamz_diar.classes.reminder.CREATOR.createFromParcel","location":"app/com.Fili.vamz_diar.classes/reminder/-c-r-e-a-t-o-r/create-from-parcel.html","searchKeys":["createFromParcel","open override fun createFromParcel(parcel: Parcel): reminder","com.Fili.vamz_diar.classes.reminder.CREATOR.createFromParcel"]},{"name":"open override fun describeContents(): Int","description":"com.Fili.vamz_diar.classes.Note.describeContents","location":"app/com.Fili.vamz_diar.classes/-note/describe-contents.html","searchKeys":["describeContents","open override fun describeContents(): Int","com.Fili.vamz_diar.classes.Note.describeContents"]},{"name":"open override fun describeContents(): Int","description":"com.Fili.vamz_diar.classes.TodoItem.describeContents","location":"app/com.Fili.vamz_diar.classes/-todo-item/describe-contents.html","searchKeys":["describeContents","open override fun describeContents(): Int","com.Fili.vamz_diar.classes.TodoItem.describeContents"]},{"name":"open override fun describeContents(): Int","description":"com.Fili.vamz_diar.classes.TodoList.describeContents","location":"app/com.Fili.vamz_diar.classes/-todo-list/describe-contents.html","searchKeys":["describeContents","open override fun describeContents(): Int","com.Fili.vamz_diar.classes.TodoList.describeContents"]},{"name":"open override fun describeContents(): Int","description":"com.Fili.vamz_diar.classes.reminder.describeContents","location":"app/com.Fili.vamz_diar.classes/reminder/describe-contents.html","searchKeys":["describeContents","open override fun describeContents(): Int","com.Fili.vamz_diar.classes.reminder.describeContents"]},{"name":"open override fun getCount(): Int","description":"com.Fili.vamz_diar.ui.main.SectionsPagerAdapter.getCount","location":"app/com.Fili.vamz_diar.ui.main/-sections-pager-adapter/get-count.html","searchKeys":["getCount","open override fun getCount(): Int","com.Fili.vamz_diar.ui.main.SectionsPagerAdapter.getCount"]},{"name":"open override fun getItem(position: Int): Fragment","description":"com.Fili.vamz_diar.ui.main.SectionsPagerAdapter.getItem","location":"app/com.Fili.vamz_diar.ui.main/-sections-pager-adapter/get-item.html","searchKeys":["getItem","open override fun getItem(position: Int): Fragment","com.Fili.vamz_diar.ui.main.SectionsPagerAdapter.getItem"]},{"name":"open override fun getLayout(): Int","description":"com.Fili.vamz_diar.groupieItems.NoteGroupieItem.getLayout","location":"app/com.Fili.vamz_diar.groupieItems/-note-groupie-item/get-layout.html","searchKeys":["getLayout","open override fun getLayout(): Int","com.Fili.vamz_diar.groupieItems.NoteGroupieItem.getLayout"]},{"name":"open override fun getLayout(): Int","description":"com.Fili.vamz_diar.groupieItems.ReminderGroupieItem.getLayout","location":"app/com.Fili.vamz_diar.groupieItems/-reminder-groupie-item/get-layout.html","searchKeys":["getLayout","open override fun getLayout(): Int","com.Fili.vamz_diar.groupieItems.ReminderGroupieItem.getLayout"]},{"name":"open override fun getLayout(): Int","description":"com.Fili.vamz_diar.groupieItems.TodoGroupieItem.getLayout","location":"app/com.Fili.vamz_diar.groupieItems/-todo-groupie-item/get-layout.html","searchKeys":["getLayout","open override fun getLayout(): Int","com.Fili.vamz_diar.groupieItems.TodoGroupieItem.getLayout"]},{"name":"open override fun getLayout(): Int","description":"com.Fili.vamz_diar.groupieItems.TodoGroupieListItem.getLayout","location":"app/com.Fili.vamz_diar.groupieItems/-todo-groupie-list-item/get-layout.html","searchKeys":["getLayout","open override fun getLayout(): Int","com.Fili.vamz_diar.groupieItems.TodoGroupieListItem.getLayout"]},{"name":"open override fun getLayout(): Int","description":"com.Fili.vamz_diar.groupieItems.TodoGroupieNewItem.getLayout","location":"app/com.Fili.vamz_diar.groupieItems/-todo-groupie-new-item/get-layout.html","searchKeys":["getLayout","open override fun getLayout(): Int","com.Fili.vamz_diar.groupieItems.TodoGroupieNewItem.getLayout"]},{"name":"open override fun newArray(size: Int): Array<Note?>","description":"com.Fili.vamz_diar.classes.Note.CREATOR.newArray","location":"app/com.Fili.vamz_diar.classes/-note/-c-r-e-a-t-o-r/new-array.html","searchKeys":["newArray","open override fun newArray(size: Int): Array<Note?>","com.Fili.vamz_diar.classes.Note.CREATOR.newArray"]},{"name":"open override fun newArray(size: Int): Array<TodoItem?>","description":"com.Fili.vamz_diar.classes.TodoItem.CREATOR.newArray","location":"app/com.Fili.vamz_diar.classes/-todo-item/-c-r-e-a-t-o-r/new-array.html","searchKeys":["newArray","open override fun newArray(size: Int): Array<TodoItem?>","com.Fili.vamz_diar.classes.TodoItem.CREATOR.newArray"]},{"name":"open override fun newArray(size: Int): Array<TodoList?>","description":"com.Fili.vamz_diar.classes.TodoList.CREATOR.newArray","location":"app/com.Fili.vamz_diar.classes/-todo-list/-c-r-e-a-t-o-r/new-array.html","searchKeys":["newArray","open override fun newArray(size: Int): Array<TodoList?>","com.Fili.vamz_diar.classes.TodoList.CREATOR.newArray"]},{"name":"open override fun newArray(size: Int): Array<reminder?>","description":"com.Fili.vamz_diar.classes.reminder.CREATOR.newArray","location":"app/com.Fili.vamz_diar.classes/reminder/-c-r-e-a-t-o-r/new-array.html","searchKeys":["newArray","open override fun newArray(size: Int): Array<reminder?>","com.Fili.vamz_diar.classes.reminder.CREATOR.newArray"]},{"name":"open override fun onCreate(savedInstanceState: Bundle?)","description":"com.Fili.vamz_diar.LoginFragment.onCreate","location":"app/com.Fili.vamz_diar/-login-fragment/on-create.html","searchKeys":["onCreate","open override fun onCreate(savedInstanceState: Bundle?)","com.Fili.vamz_diar.LoginFragment.onCreate"]},{"name":"open override fun onCreate(savedInstanceState: Bundle?)","description":"com.Fili.vamz_diar.NewNoteFragment.onCreate","location":"app/com.Fili.vamz_diar/-new-note-fragment/on-create.html","searchKeys":["onCreate","open override fun onCreate(savedInstanceState: Bundle?)","com.Fili.vamz_diar.NewNoteFragment.onCreate"]},{"name":"open override fun onCreate(savedInstanceState: Bundle?)","description":"com.Fili.vamz_diar.NewReminderFragment.onCreate","location":"app/com.Fili.vamz_diar/-new-reminder-fragment/on-create.html","searchKeys":["onCreate","open override fun onCreate(savedInstanceState: Bundle?)","com.Fili.vamz_diar.NewReminderFragment.onCreate"]},{"name":"open override fun onCreate(savedInstanceState: Bundle?)","description":"com.Fili.vamz_diar.NewTodoFragment.onCreate","location":"app/com.Fili.vamz_diar/-new-todo-fragment/on-create.html","searchKeys":["onCreate","open override fun onCreate(savedInstanceState: Bundle?)","com.Fili.vamz_diar.NewTodoFragment.onCreate"]},{"name":"open override fun onCreate(savedInstanceState: Bundle?)","description":"com.Fili.vamz_diar.NoteDetailFragment.onCreate","location":"app/com.Fili.vamz_diar/-note-detail-fragment/on-create.html","searchKeys":["onCreate","open override fun onCreate(savedInstanceState: Bundle?)","com.Fili.vamz_diar.NoteDetailFragment.onCreate"]},{"name":"open override fun onCreate(savedInstanceState: Bundle?)","description":"com.Fili.vamz_diar.NotesFragment.onCreate","location":"app/com.Fili.vamz_diar/-notes-fragment/on-create.html","searchKeys":["onCreate","open override fun onCreate(savedInstanceState: Bundle?)","com.Fili.vamz_diar.NotesFragment.onCreate"]},{"name":"open override fun onCreate(savedInstanceState: Bundle?)","description":"com.Fili.vamz_diar.ReminderDetailFragment.onCreate","location":"app/com.Fili.vamz_diar/-reminder-detail-fragment/on-create.html","searchKeys":["onCreate","open override fun onCreate(savedInstanceState: Bundle?)","com.Fili.vamz_diar.ReminderDetailFragment.onCreate"]},{"name":"open override fun onCreate(savedInstanceState: Bundle?)","description":"com.Fili.vamz_diar.RemindersFragment.onCreate","location":"app/com.Fili.vamz_diar/-reminders-fragment/on-create.html","searchKeys":["onCreate","open override fun onCreate(savedInstanceState: Bundle?)","com.Fili.vamz_diar.RemindersFragment.onCreate"]},{"name":"open override fun onCreate(savedInstanceState: Bundle?)","description":"com.Fili.vamz_diar.TodoDetailFragment.onCreate","location":"app/com.Fili.vamz_diar/-todo-detail-fragment/on-create.html","searchKeys":["onCreate","open override fun onCreate(savedInstanceState: Bundle?)","com.Fili.vamz_diar.TodoDetailFragment.onCreate"]},{"name":"open override fun onCreate(savedInstanceState: Bundle?)","description":"com.Fili.vamz_diar.TodosFragment.onCreate","location":"app/com.Fili.vamz_diar/-todos-fragment/on-create.html","searchKeys":["onCreate","open override fun onCreate(savedInstanceState: Bundle?)","com.Fili.vamz_diar.TodosFragment.onCreate"]},{"name":"open override fun onCreate(savedInstanceState: Bundle?)","description":"com.Fili.vamz_diar.ui.main.PlaceholderFragment.onCreate","location":"app/com.Fili.vamz_diar.ui.main/-placeholder-fragment/on-create.html","searchKeys":["onCreate","open override fun onCreate(savedInstanceState: Bundle?)","com.Fili.vamz_diar.ui.main.PlaceholderFragment.onCreate"]},{"name":"open override fun onCreateDialog(savedInstanceState: Bundle?): Dialog","description":"com.Fili.vamz_diar.DatePickerFragment.onCreateDialog","location":"app/com.Fili.vamz_diar/-date-picker-fragment/on-create-dialog.html","searchKeys":["onCreateDialog","open override fun onCreateDialog(savedInstanceState: Bundle?): Dialog","com.Fili.vamz_diar.DatePickerFragment.onCreateDialog"]},{"name":"open override fun onCreateDialog(savedInstanceState: Bundle?): Dialog","description":"com.Fili.vamz_diar.TimePickerFragment.onCreateDialog","location":"app/com.Fili.vamz_diar/-time-picker-fragment/on-create-dialog.html","searchKeys":["onCreateDialog","open override fun onCreateDialog(savedInstanceState: Bundle?): Dialog","com.Fili.vamz_diar.TimePickerFragment.onCreateDialog"]},{"name":"open override fun onCreateView(inflater: LayoutInflater, container: ViewGroup?, savedInstanceState: Bundle?): View?","description":"com.Fili.vamz_diar.LoginFragment.onCreateView","location":"app/com.Fili.vamz_diar/-login-fragment/on-create-view.html","searchKeys":["onCreateView","open override fun onCreateView(inflater: LayoutInflater, container: ViewGroup?, savedInstanceState: Bundle?): View?","com.Fili.vamz_diar.LoginFragment.onCreateView"]},{"name":"open override fun onCreateView(inflater: LayoutInflater, container: ViewGroup?, savedInstanceState: Bundle?): View?","description":"com.Fili.vamz_diar.NewNoteFragment.onCreateView","location":"app/com.Fili.vamz_diar/-new-note-fragment/on-create-view.html","searchKeys":["onCreateView","open override fun onCreateView(inflater: LayoutInflater, container: ViewGroup?, savedInstanceState: Bundle?): View?","com.Fili.vamz_diar.NewNoteFragment.onCreateView"]},{"name":"open override fun onCreateView(inflater: LayoutInflater, container: ViewGroup?, savedInstanceState: Bundle?): View?","description":"com.Fili.vamz_diar.NewReminderFragment.onCreateView","location":"app/com.Fili.vamz_diar/-new-reminder-fragment/on-create-view.html","searchKeys":["onCreateView","open override fun onCreateView(inflater: LayoutInflater, container: ViewGroup?, savedInstanceState: Bundle?): View?","com.Fili.vamz_diar.NewReminderFragment.onCreateView"]},{"name":"open override fun onCreateView(inflater: LayoutInflater, container: ViewGroup?, savedInstanceState: Bundle?): View?","description":"com.Fili.vamz_diar.NewTodoFragment.onCreateView","location":"app/com.Fili.vamz_diar/-new-todo-fragment/on-create-view.html","searchKeys":["onCreateView","open override fun onCreateView(inflater: LayoutInflater, container: ViewGroup?, savedInstanceState: Bundle?): View?","com.Fili.vamz_diar.NewTodoFragment.onCreateView"]},{"name":"open override fun onCreateView(inflater: LayoutInflater, container: ViewGroup?, savedInstanceState: Bundle?): View?","description":"com.Fili.vamz_diar.NoteDetailFragment.onCreateView","location":"app/com.Fili.vamz_diar/-note-detail-fragment/on-create-view.html","searchKeys":["onCreateView","open override fun onCreateView(inflater: LayoutInflater, container: ViewGroup?, savedInstanceState: Bundle?): View?","com.Fili.vamz_diar.NoteDetailFragment.onCreateView"]},{"name":"open override fun onCreateView(inflater: LayoutInflater, container: ViewGroup?, savedInstanceState: Bundle?): View?","description":"com.Fili.vamz_diar.NotesFragment.onCreateView","location":"app/com.Fili.vamz_diar/-notes-fragment/on-create-view.html","searchKeys":["onCreateView","open override fun onCreateView(inflater: LayoutInflater, container: ViewGroup?, savedInstanceState: Bundle?): View?","com.Fili.vamz_diar.NotesFragment.onCreateView"]},{"name":"open override fun onCreateView(inflater: LayoutInflater, container: ViewGroup?, savedInstanceState: Bundle?): View?","description":"com.Fili.vamz_diar.ReminderDetailFragment.onCreateView","location":"app/com.Fili.vamz_diar/-reminder-detail-fragment/on-create-view.html","searchKeys":["onCreateView","open override fun onCreateView(inflater: LayoutInflater, container: ViewGroup?, savedInstanceState: Bundle?): View?","com.Fili.vamz_diar.ReminderDetailFragment.onCreateView"]},{"name":"open override fun onCreateView(inflater: LayoutInflater, container: ViewGroup?, savedInstanceState: Bundle?): View?","description":"com.Fili.vamz_diar.RemindersFragment.onCreateView","location":"app/com.Fili.vamz_diar/-reminders-fragment/on-create-view.html","searchKeys":["onCreateView","open override fun onCreateView(inflater: LayoutInflater, container: ViewGroup?, savedInstanceState: Bundle?): View?","com.Fili.vamz_diar.RemindersFragment.onCreateView"]},{"name":"open override fun onCreateView(inflater: LayoutInflater, container: ViewGroup?, savedInstanceState: Bundle?): View?","description":"com.Fili.vamz_diar.TodoDetailFragment.onCreateView","location":"app/com.Fili.vamz_diar/-todo-detail-fragment/on-create-view.html","searchKeys":["onCreateView","open override fun onCreateView(inflater: LayoutInflater, container: ViewGroup?, savedInstanceState: Bundle?): View?","com.Fili.vamz_diar.TodoDetailFragment.onCreateView"]},{"name":"open override fun onCreateView(inflater: LayoutInflater, container: ViewGroup?, savedInstanceState: Bundle?): View?","description":"com.Fili.vamz_diar.TodosFragment.onCreateView","location":"app/com.Fili.vamz_diar/-todos-fragment/on-create-view.html","searchKeys":["onCreateView","open override fun onCreateView(inflater: LayoutInflater, container: ViewGroup?, savedInstanceState: Bundle?): View?","com.Fili.vamz_diar.TodosFragment.onCreateView"]},{"name":"open override fun onCreateView(inflater: LayoutInflater, container: ViewGroup?, savedInstanceState: Bundle?): View?","description":"com.Fili.vamz_diar.ui.main.PlaceholderFragment.onCreateView","location":"app/com.Fili.vamz_diar.ui.main/-placeholder-fragment/on-create-view.html","searchKeys":["onCreateView","open override fun onCreateView(inflater: LayoutInflater, container: ViewGroup?, savedInstanceState: Bundle?): View?","com.Fili.vamz_diar.ui.main.PlaceholderFragment.onCreateView"]},{"name":"open override fun onDateSet(view: DatePicker, year: Int, month: Int, day: Int)","description":"com.Fili.vamz_diar.DatePickerFragment.onDateSet","location":"app/com.Fili.vamz_diar/-date-picker-fragment/on-date-set.html","searchKeys":["onDateSet","open override fun onDateSet(view: DatePicker, year: Int, month: Int, day: Int)","com.Fili.vamz_diar.DatePickerFragment.onDateSet"]},{"name":"open override fun onDestroyView()","description":"com.Fili.vamz_diar.LoginFragment.onDestroyView","location":"app/com.Fili.vamz_diar/-login-fragment/on-destroy-view.html","searchKeys":["onDestroyView","open override fun onDestroyView()","com.Fili.vamz_diar.LoginFragment.onDestroyView"]},{"name":"open override fun onDestroyView()","description":"com.Fili.vamz_diar.NewReminderFragment.onDestroyView","location":"app/com.Fili.vamz_diar/-new-reminder-fragment/on-destroy-view.html","searchKeys":["onDestroyView","open override fun onDestroyView()","com.Fili.vamz_diar.NewReminderFragment.onDestroyView"]},{"name":"open override fun onDestroyView()","description":"com.Fili.vamz_diar.NotesFragment.onDestroyView","location":"app/com.Fili.vamz_diar/-notes-fragment/on-destroy-view.html","searchKeys":["onDestroyView","open override fun onDestroyView()","com.Fili.vamz_diar.NotesFragment.onDestroyView"]},{"name":"open override fun onDestroyView()","description":"com.Fili.vamz_diar.ReminderDetailFragment.onDestroyView","location":"app/com.Fili.vamz_diar/-reminder-detail-fragment/on-destroy-view.html","searchKeys":["onDestroyView","open override fun onDestroyView()","com.Fili.vamz_diar.ReminderDetailFragment.onDestroyView"]},{"name":"open override fun onDestroyView()","description":"com.Fili.vamz_diar.RemindersFragment.onDestroyView","location":"app/com.Fili.vamz_diar/-reminders-fragment/on-destroy-view.html","searchKeys":["onDestroyView","open override fun onDestroyView()","com.Fili.vamz_diar.RemindersFragment.onDestroyView"]},{"name":"open override fun onDestroyView()","description":"com.Fili.vamz_diar.TodosFragment.onDestroyView","location":"app/com.Fili.vamz_diar/-todos-fragment/on-destroy-view.html","searchKeys":["onDestroyView","open override fun onDestroyView()","com.Fili.vamz_diar.TodosFragment.onDestroyView"]},{"name":"open override fun onDestroyView()","description":"com.Fili.vamz_diar.ui.main.PlaceholderFragment.onDestroyView","location":"app/com.Fili.vamz_diar.ui.main/-placeholder-fragment/on-destroy-view.html","searchKeys":["onDestroyView","open override fun onDestroyView()","com.Fili.vamz_diar.ui.main.PlaceholderFragment.onDestroyView"]},{"name":"open override fun onTimeSet(view: TimePicker, hourOfDay: Int, minute: Int)","description":"com.Fili.vamz_diar.TimePickerFragment.onTimeSet","location":"app/com.Fili.vamz_diar/-time-picker-fragment/on-time-set.html","searchKeys":["onTimeSet","open override fun onTimeSet(view: TimePicker, hourOfDay: Int, minute: Int)","com.Fili.vamz_diar.TimePickerFragment.onTimeSet"]},{"name":"open override fun onViewCreated(view: View, savedInstanceState: Bundle?)","description":"com.Fili.vamz_diar.LoginFragment.onViewCreated","location":"app/com.Fili.vamz_diar/-login-fragment/on-view-created.html","searchKeys":["onViewCreated","open override fun onViewCreated(view: View, savedInstanceState: Bundle?)","com.Fili.vamz_diar.LoginFragment.onViewCreated"]},{"name":"open override fun onViewCreated(view: View, savedInstanceState: Bundle?)","description":"com.Fili.vamz_diar.NewNoteFragment.onViewCreated","location":"app/com.Fili.vamz_diar/-new-note-fragment/on-view-created.html","searchKeys":["onViewCreated","open override fun onViewCreated(view: View, savedInstanceState: Bundle?)","com.Fili.vamz_diar.NewNoteFragment.onViewCreated"]},{"name":"open override fun onViewCreated(view: View, savedInstanceState: Bundle?)","description":"com.Fili.vamz_diar.NewReminderFragment.onViewCreated","location":"app/com.Fili.vamz_diar/-new-reminder-fragment/on-view-created.html","searchKeys":["onViewCreated","open override fun onViewCreated(view: View, savedInstanceState: Bundle?)","com.Fili.vamz_diar.NewReminderFragment.onViewCreated"]},{"name":"open override fun onViewCreated(view: View, savedInstanceState: Bundle?)","description":"com.Fili.vamz_diar.NewTodoFragment.onViewCreated","location":"app/com.Fili.vamz_diar/-new-todo-fragment/on-view-created.html","searchKeys":["onViewCreated","open override fun onViewCreated(view: View, savedInstanceState: Bundle?)","com.Fili.vamz_diar.NewTodoFragment.onViewCreated"]},{"name":"open override fun onViewCreated(view: View, savedInstanceState: Bundle?)","description":"com.Fili.vamz_diar.NoteDetailFragment.onViewCreated","location":"app/com.Fili.vamz_diar/-note-detail-fragment/on-view-created.html","searchKeys":["onViewCreated","open override fun onViewCreated(view: View, savedInstanceState: Bundle?)","com.Fili.vamz_diar.NoteDetailFragment.onViewCreated"]},{"name":"open override fun onViewCreated(view: View, savedInstanceState: Bundle?)","description":"com.Fili.vamz_diar.NotesFragment.onViewCreated","location":"app/com.Fili.vamz_diar/-notes-fragment/on-view-created.html","searchKeys":["onViewCreated","open override fun onViewCreated(view: View, savedInstanceState: Bundle?)","com.Fili.vamz_diar.NotesFragment.onViewCreated"]},{"name":"open override fun onViewCreated(view: View, savedInstanceState: Bundle?)","description":"com.Fili.vamz_diar.ReminderDetailFragment.onViewCreated","location":"app/com.Fili.vamz_diar/-reminder-detail-fragment/on-view-created.html","searchKeys":["onViewCreated","open override fun onViewCreated(view: View, savedInstanceState: Bundle?)","com.Fili.vamz_diar.ReminderDetailFragment.onViewCreated"]},{"name":"open override fun onViewCreated(view: View, savedInstanceState: Bundle?)","description":"com.Fili.vamz_diar.RemindersFragment.onViewCreated","location":"app/com.Fili.vamz_diar/-reminders-fragment/on-view-created.html","searchKeys":["onViewCreated","open override fun onViewCreated(view: View, savedInstanceState: Bundle?)","com.Fili.vamz_diar.RemindersFragment.onViewCreated"]},{"name":"open override fun onViewCreated(view: View, savedInstanceState: Bundle?)","description":"com.Fili.vamz_diar.TodoDetailFragment.onViewCreated","location":"app/com.Fili.vamz_diar/-todo-detail-fragment/on-view-created.html","searchKeys":["onViewCreated","open override fun onViewCreated(view: View, savedInstanceState: Bundle?)","com.Fili.vamz_diar.TodoDetailFragment.onViewCreated"]},{"name":"open override fun onViewCreated(view: View, savedInstanceState: Bundle?)","description":"com.Fili.vamz_diar.TodosFragment.onViewCreated","location":"app/com.Fili.vamz_diar/-todos-fragment/on-view-created.html","searchKeys":["onViewCreated","open override fun onViewCreated(view: View, savedInstanceState: Bundle?)","com.Fili.vamz_diar.TodosFragment.onViewCreated"]},{"name":"open override fun writeToParcel(p0: Parcel?, p1: Int)","description":"com.Fili.vamz_diar.classes.Note.writeToParcel","location":"app/com.Fili.vamz_diar.classes/-note/write-to-parcel.html","searchKeys":["writeToParcel","open override fun writeToParcel(p0: Parcel?, p1: Int)","com.Fili.vamz_diar.classes.Note.writeToParcel"]},{"name":"open override fun writeToParcel(parcel: Parcel, flags: Int)","description":"com.Fili.vamz_diar.classes.TodoItem.writeToParcel","location":"app/com.Fili.vamz_diar.classes/-todo-item/write-to-parcel.html","searchKeys":["writeToParcel","open override fun writeToParcel(parcel: Parcel, flags: Int)","com.Fili.vamz_diar.classes.TodoItem.writeToParcel"]},{"name":"open override fun writeToParcel(parcel: Parcel, flags: Int)","description":"com.Fili.vamz_diar.classes.TodoList.writeToParcel","location":"app/com.Fili.vamz_diar.classes/-todo-list/write-to-parcel.html","searchKeys":["writeToParcel","open override fun writeToParcel(parcel: Parcel, flags: Int)","com.Fili.vamz_diar.classes.TodoList.writeToParcel"]},{"name":"open override fun writeToParcel(parcel: Parcel, flags: Int)","description":"com.Fili.vamz_diar.classes.reminder.writeToParcel","location":"app/com.Fili.vamz_diar.classes/reminder/write-to-parcel.html","searchKeys":["writeToParcel","open override fun writeToParcel(parcel: Parcel, flags: Int)","com.Fili.vamz_diar.classes.reminder.writeToParcel"]},{"name":"val FirebaseAuthInstance: FirebaseAuth","description":"com.Fili.vamz_diar.SharedViewModel.FirebaseAuthInstance","location":"app/com.Fili.vamz_diar/-shared-view-model/-firebase-auth-instance.html","searchKeys":["FirebaseAuthInstance","val FirebaseAuthInstance: FirebaseAuth","com.Fili.vamz_diar.SharedViewModel.FirebaseAuthInstance"]},{"name":"val Time: TextView","description":"com.Fili.vamz_diar.TimePickerFragment.Time","location":"app/com.Fili.vamz_diar/-time-picker-fragment/-time.html","searchKeys":["Time","val Time: TextView","com.Fili.vamz_diar.TimePickerFragment.Time"]},{"name":"val date: TextView","description":"com.Fili.vamz_diar.DatePickerFragment.date","location":"app/com.Fili.vamz_diar/-date-picker-fragment/date.html","searchKeys":["date","val date: TextView","com.Fili.vamz_diar.DatePickerFragment.date"]},{"name":"val itemName: String? = null","description":"com.Fili.vamz_diar.classes.TodoItem.itemName","location":"app/com.Fili.vamz_diar.classes/-todo-item/item-name.html","searchKeys":["itemName","val itemName: String? = null","com.Fili.vamz_diar.classes.TodoItem.itemName"]},{"name":"val logedIn: MutableLiveData<Boolean?>","description":"com.Fili.vamz_diar.SharedViewModel.logedIn","location":"app/com.Fili.vamz_diar/-shared-view-model/loged-in.html","searchKeys":["logedIn","val logedIn: MutableLiveData<Boolean?>","com.Fili.vamz_diar.SharedViewModel.logedIn"]},{"name":"val newTodoItemsLiveData: MutableLiveData<List<String>>","description":"com.Fili.vamz_diar.SharedViewModel.newTodoItemsLiveData","location":"app/com.Fili.vamz_diar/-shared-view-model/new-todo-items-live-data.html","searchKeys":["newTodoItemsLiveData","val newTodoItemsLiveData: MutableLiveData<List<String>>","com.Fili.vamz_diar.SharedViewModel.newTodoItemsLiveData"]},{"name":"val noteID: String? = null","description":"com.Fili.vamz_diar.classes.Note.noteID","location":"app/com.Fili.vamz_diar.classes/-note/note-i-d.html","searchKeys":["noteID","val noteID: String? = null","com.Fili.vamz_diar.classes.Note.noteID"]},{"name":"val noteName: String? = null","description":"com.Fili.vamz_diar.classes.Note.noteName","location":"app/com.Fili.vamz_diar.classes/-note/note-name.html","searchKeys":["noteName","val noteName: String? = null","com.Fili.vamz_diar.classes.Note.noteName"]},{"name":"val noteText: String? = null","description":"com.Fili.vamz_diar.classes.Note.noteText","location":"app/com.Fili.vamz_diar.classes/-note/note-text.html","searchKeys":["noteText","val noteText: String? = null","com.Fili.vamz_diar.classes.Note.noteText"]},{"name":"val notesList: MutableLiveData<List<Note>>","description":"com.Fili.vamz_diar.SharedViewModel.notesList","location":"app/com.Fili.vamz_diar/-shared-view-model/notes-list.html","searchKeys":["notesList","val notesList: MutableLiveData<List<Note>>","com.Fili.vamz_diar.SharedViewModel.notesList"]},{"name":"val registered: MutableLiveData<Boolean?>","description":"com.Fili.vamz_diar.SharedViewModel.registered","location":"app/com.Fili.vamz_diar/-shared-view-model/registered.html","searchKeys":["registered","val registered: MutableLiveData<Boolean?>","com.Fili.vamz_diar.SharedViewModel.registered"]},{"name":"val reminderID: String? = null","description":"com.Fili.vamz_diar.classes.reminder.reminderID","location":"app/com.Fili.vamz_diar.classes/reminder/reminder-i-d.html","searchKeys":["reminderID","val reminderID: String? = null","com.Fili.vamz_diar.classes.reminder.reminderID"]},{"name":"val remindersList: MutableLiveData<List<reminder>>","description":"com.Fili.vamz_diar.SharedViewModel.remindersList","location":"app/com.Fili.vamz_diar/-shared-view-model/reminders-list.html","searchKeys":["remindersList","val remindersList: MutableLiveData<List<reminder>>","com.Fili.vamz_diar.SharedViewModel.remindersList"]},{"name":"val text: LiveData<String>","description":"com.Fili.vamz_diar.ui.main.PageViewModel.text","location":"app/com.Fili.vamz_diar.ui.main/-page-view-model/text.html","searchKeys":["text","val text: LiveData<String>","com.Fili.vamz_diar.ui.main.PageViewModel.text"]},{"name":"val todoListID: String? = null","description":"com.Fili.vamz_diar.classes.TodoList.todoListID","location":"app/com.Fili.vamz_diar.classes/-todo-list/todo-list-i-d.html","searchKeys":["todoListID","val todoListID: String? = null","com.Fili.vamz_diar.classes.TodoList.todoListID"]},{"name":"val todoListName: String? = null","description":"com.Fili.vamz_diar.classes.TodoList.todoListName","location":"app/com.Fili.vamz_diar.classes/-todo-list/todo-list-name.html","searchKeys":["todoListName","val todoListName: String? = null","com.Fili.vamz_diar.classes.TodoList.todoListName"]},{"name":"val todos: MutableMap<String, TodoItem>? = null","description":"com.Fili.vamz_diar.classes.TodoList.todos","location":"app/com.Fili.vamz_diar.classes/-todo-list/todos.html","searchKeys":["todos","val todos: MutableMap<String, TodoItem>? = null","com.Fili.vamz_diar.classes.TodoList.todos"]},{"name":"val todosList: MutableLiveData<List<TodoList>>","description":"com.Fili.vamz_diar.SharedViewModel.todosList","location":"app/com.Fili.vamz_diar/-shared-view-model/todos-list.html","searchKeys":["todosList","val todosList: MutableLiveData<List<TodoList>>","com.Fili.vamz_diar.SharedViewModel.todosList"]},{"name":"val viewModel: SharedViewModel","description":"com.Fili.vamz_diar.TodoDetailFragment.viewModel","location":"app/com.Fili.vamz_diar/-todo-detail-fragment/view-model.html","searchKeys":["viewModel","val viewModel: SharedViewModel","com.Fili.vamz_diar.TodoDetailFragment.viewModel"]},{"name":"var Aday: Int = 0","description":"com.Fili.vamz_diar.DatePickerFragment.Aday","location":"app/com.Fili.vamz_diar/-date-picker-fragment/-aday.html","searchKeys":["Aday","var Aday: Int = 0","com.Fili.vamz_diar.DatePickerFragment.Aday"]},{"name":"var Ahour: Int = 0","description":"com.Fili.vamz_diar.TimePickerFragment.Ahour","location":"app/com.Fili.vamz_diar/-time-picker-fragment/-ahour.html","searchKeys":["Ahour","var Ahour: Int = 0","com.Fili.vamz_diar.TimePickerFragment.Ahour"]},{"name":"var Aminute: Int = 0","description":"com.Fili.vamz_diar.TimePickerFragment.Aminute","location":"app/com.Fili.vamz_diar/-time-picker-fragment/-aminute.html","searchKeys":["Aminute","var Aminute: Int = 0","com.Fili.vamz_diar.TimePickerFragment.Aminute"]},{"name":"var Amonth: Int = 0","description":"com.Fili.vamz_diar.DatePickerFragment.Amonth","location":"app/com.Fili.vamz_diar/-date-picker-fragment/-amonth.html","searchKeys":["Amonth","var Amonth: Int = 0","com.Fili.vamz_diar.DatePickerFragment.Amonth"]},{"name":"var Ayear: Int = 0","description":"com.Fili.vamz_diar.DatePickerFragment.Ayear","location":"app/com.Fili.vamz_diar/-date-picker-fragment/-ayear.html","searchKeys":["Ayear","var Ayear: Int = 0","com.Fili.vamz_diar.DatePickerFragment.Ayear"]},{"name":"var itemState: Boolean?","description":"com.Fili.vamz_diar.classes.TodoItem.itemState","location":"app/com.Fili.vamz_diar.classes/-todo-item/item-state.html","searchKeys":["itemState","var itemState: Boolean?","com.Fili.vamz_diar.classes.TodoItem.itemState"]},{"name":"var reminderDate: String? = null","description":"com.Fili.vamz_diar.classes.reminder.reminderDate","location":"app/com.Fili.vamz_diar.classes/reminder/reminder-date.html","searchKeys":["reminderDate","var reminderDate: String? = null","com.Fili.vamz_diar.classes.reminder.reminderDate"]},{"name":"var reminderDesc: String? = null","description":"com.Fili.vamz_diar.classes.reminder.reminderDesc","location":"app/com.Fili.vamz_diar.classes/reminder/reminder-desc.html","searchKeys":["reminderDesc","var reminderDesc: String? = null","com.Fili.vamz_diar.classes.reminder.reminderDesc"]},{"name":"var reminderName: String? = null","description":"com.Fili.vamz_diar.classes.reminder.reminderName","location":"app/com.Fili.vamz_diar.classes/reminder/reminder-name.html","searchKeys":["reminderName","var reminderName: String? = null","com.Fili.vamz_diar.classes.reminder.reminderName"]},{"name":"var reminderTime: String? = null","description":"com.Fili.vamz_diar.classes.reminder.reminderTime","location":"app/com.Fili.vamz_diar.classes/reminder/reminder-time.html","searchKeys":["reminderTime","var reminderTime: String? = null","com.Fili.vamz_diar.classes.reminder.reminderTime"]}]
